user_id,name,age
101,thebigfatpanda1,19
102,markhill487,47
103,thomaslewis466,58
104,sarahwhite880,42
105,barbarajohnson238,56
106,matthewscott171,47
107,jessicalopez880,25
108,stevenwilson33,40
109,nancyallen136,46
110,charleslopez313,40
111,patriciawilliams466,19
112,danielsmith247,60
113,janemoore792,42
114,kevinking44,46
115,helenbrown375,41
116,elizabethrobinson785,51
117,markhernandez297,32
118,jamesbrown39,24
119,sharonthomas405,30
120,sharonhill667,18
121,robertjohnson715,57
122,kevintaylor217,38
123,emmalewis681,55
124,laurascott269,33
125,annagonzalez363,54
126,bettygonzalez665,50
127,robertbrown757,41
128,emmathompson120,29
129,josephadams695,54
130,williamanderson317,36
131,helenmartinez812,40
132,emmawilliams899,19
133,davidbaker82,32
134,patriciaanderson499,38
135,matthewmoore190,64
136,annanguyen143,49
137,donaldtorres237,54
138,anthonygarcia845,41
139,danielscott531,61
140,johnmartin594,29
141,danieltaylor470,41
142,mikethompson72,37
143,jennifergreen270,54
144,kevinjones794,53
145,joshuawilson697,61
146,joshuamartinez396,40
147,jennifermiller139,47
148,chrisgonzalez544,43
149,sarahwilson44,25
150,michellewilliams239,42
151,lindanguyen321,21
152,testuser,14
153,hello,23
154,hello1,24
155,karennguyen717,30
156,donnawalker256,60
157,joshuaclark613,35
158,laurasmith794,45
159,annawilson48,60
160,joshuagarcia75,36
161,jamesmartinez810,32
162,michellejones911,26
163,stevennelson325,33
164,janejackson94,61
165,karenscott650,19
166,jessicaharris229,46
167,josephsmith765,34
168,lindajones630,45
169,donaldwhite123,44
170,donaldwright644,35
171,nancyharris259,47
172,elizabethrodriguez583,47
173,johntaylor745,29
174,patricialopez977,20
175,emmatorres197,18
176,sharonanderson165,36
177,andrewanderson895,18
178,danielallen419,50
179,tomlee271,61
180,helentorres134,64
181,josephmiller95,28
182,elizabethtorres133,25
183,lisabrown235,20
184,nancyhill42,20
185,robertthompson156,50
186,sharonmartinez887,20
187,richardflores232,49
188,thomastaylor752,46
189,tomwright504,55
190,helenrodriguez921,45
191,williamjones279,25
192,mikegonzalez916,30
193,nancyrobinson877,63
194,andrewyoung504,26
195,sarahjackson799,61
196,markmartin476,37
197,tomtaylor640,62
198,sharonlee671,53
199,chrisgarcia189,25
200,barbarataylor649,33
201,jenniferwhite266,48
202,joshuanelson682,64
203,carolthompson135,21
204,sandranelson417,18
